rank,company,website,segment_group,tracker_segment,segment,pdf_use_case,likely_sdk,evidence_url,size_stage,size_source_url,target_roles,hook,fit_score,confidence,evidence_opened_in_browser,verify_before_use,source_file
1,Juro,https://juro.com,legal,legal,Contract management / CLM,"Uploaded PDF contracts are viewed and commented on in-app. Help docs: ""It is not possible to assign a comment to a specific part of a document uploaded from a PDF file.""",Unknown,https://intercom.help/juro/en/articles/4280267-working-with-an-uploaded-pdf-contract,"Series B ($23M, Eight Roads, 2022); ~120 employees (aggregator estimate)",https://juro.com/blog/series-b-eight-roads-23-million,"VP Engineering; Head of Product; Product Manager, Editor/Collaboration",Your help center says comments can't be tied to a specific spot in an uploaded PDF. In our demo you can drop a note anywhere on a page and run a comment thread on it. Pricing is public: $5k-$12k a year.,5,medium,no,Re-open the help article and confirm the quote is still current before using the hook; the fact-check could not load intercom.help.,legal.csv
2,Wisedocs,https://www.wisedocs.ai,regulated,insurance,"Insurance (claims, IME medical record review)","In-platform PDF viewer pulls text and snapshots from source pages; users annotate, tag and comment on documents",Unknown,https://insurance-canada.ca/2024/02/02/wisedocs-summarizing-medical-records/,"Series A ($12.7M CAD, Jan 2024) plus $4.5M debt; ~130 employees",,"VP Engineering; Head of Product; Engineering Manager, Frontend/Reviewer","Your reviewers annotate, tag and comment on thousand-page records. If a commercial viewer sits under that, compare its renewal with our public $5k-$12k price and no per-page metering.",5,medium,no,Open evidence_url in a normal browser and confirm the quoted feature before using the hook; it was read from search snippets only. Size/funding figures are estimates unless sourced.,regulated.csv
3,Drawboard,https://www.drawboard.com,construction,construction,AEC design review / drawing markup,"Real-time markup of drawing revisions in the browser: ink, shapes, stamps, comments, custom annotations, issues pinned to areas of each revision",Apryse (vendor case study names Drawboard; use in the browser-based Projects app not independently confirmed),https://apryse.com/blog/customers/drawboard-reinvents-global-aec-collaboration-using-pdftron,~37-38 employees (aggregator estimate); raised ~A$9M in 2020 led by Blackbird (round label not verified); Melbourne,,"CTO; Head of Product; Engineering Lead, Projects","Drawboard Projects puts drawing review in the browser. We're building a web viewer with markup, comment threads and Acrobat-compatible export at a public annual price, and would like to compare notes on what that layer costs you.",4,high,no,Open evidence_url in a normal browser and confirm the quoted feature before using the hook; it was read from search snippets only. Size/funding figures are estimates unless sourced.,construction.csv
4,e-PlanSoft,https://www.eplansoft.com,construction,construction,Electronic plan review (government / permitting),"Multiple reviewers mark up plans at the same time in the browser: draw, measure, comment, with markups shown live to other reviewers",Unknown,https://www.eplansoft.com/resources/a-comparative-look-at-e-plansoft-and-avolve-software,"11-50 employees; ~$8.8M revenue (ZoomInfo estimate); Irvine, CA",,CTO; VP Product; Director of Engineering,"Browser plan markup is your whole product. We're building that viewer and annotation layer at a public price, with renewals capped at 5%.",4,medium,no,Open evidence_url in a normal browser and confirm the quoted feature before using the hook; it was read from search snippets only. Size/funding figures are estimates unless sourced.,construction.csv
5,Supio,https://www.supio.com,legal,legal,Legal AI for personal injury / mass tort,"Citations that ""highlight the exact page text, not just the page reference"" across large medical records",Unknown,https://www.supio.com/blog/whats-new-in-supio-december-2025,"Series B ($60M, Apr 2025; ~$91M total); ~100 staff, plans to double",https://www.supio.com/press/supio-announces-60m-series-b-to-accelerate-adoption-of-legal-ai-in-plaintiff-law,"VP Engineering; Head of Product; Engineering Manager, Frontend","In December you shipped citations that highlight the exact text on the source page. If that runs on a commercial viewer, compare your renewal with our public price.",4,medium,no,Confirm the December 2025 release note wording. Headcount is from the funding release; check it is still current.,legal.csv
6,DigitalOwl,https://www.digitalowl.com,regulated,insurance,"Insurance (life underwriting, P&C claims)",Click-to-evidence from each insight to the source page of medical records; Case Notes with notes and hyperlinked references,Unknown,https://www.digitalowl.com/press-releases/digitalowl-moves-beyond-summaries-using-ai-agents,Not verified; customers include Nationwide,,"VP Engineering; VP Product; Product Lead, View/Case Notes","Click-to-evidence is your trust feature. We're building the viewer and highlight layer under it, priced per app, not per record or per underwriter.",4,medium,no,Open evidence_url in a normal browser and confirm the quoted feature before using the hook; it was read from search snippets only. Size/funding figures are estimates unless sourced.,regulated.csv
7,Part3,https://www.part3.io,construction,construction,Construction administration for architects,"ProjectFiles has markup tools for drawings, submittals, RFI packages and product cut sheets. The Submittal Assistant compares a submittal to the spec",Unknown,https://www.part3.io/blog/best-construction-document-management-software-for-architects,"Seed (US$2.8M, Graphite Ventures, 519 Growth Fund); Toronto; founded 2020",,CTO / Co-founder; Head of Product; Senior Frontend Engineer,"Architects mark up submittals in Part3 every day. If that viewer is a quoted SDK, our Startup plan is $5k a year, public, with signatures and comments included.",4,medium,no,Open evidence_url in a normal browser and confirm the quoted feature before using the hook; it was read from search snippets only. Size/funding figures are estimates unless sourced.,construction.csv
8,TrialView,https://www.trialview.com,legal,legal,Litigation / court bundling and trial presentation,"Builds hyperlinked PDF bundles. Teams ""upload, tag, mark up, and annotate"" documents with linked comments and highlights",Unknown,https://www.trialview.com/resources/witness-preparation-tools-with-trialview,"~$3M ARR, profitable (company-reported); $4.1M growth round, Nov 2025; expanding to the US",https://www.trialview.com/resources/trialview-secures-4-1m-funding-to-drive-dispute-resolution-innovation-and-business-expansion,CTO; Head of Product; Engineering Lead,"If your bundle viewer runs on a commercial PDF SDK, US growth usually means a bigger renewal. Our price is public and per app, and annotations, comments and signatures are in the base plan.",4,medium,no,ARR and profitability are the company's own claims from its funding post; do not repeat them to the prospect.,legal.csv
9,Inscribe,https://www.inscribe.ai,regulated,other,"Fintech (lending, KYB fraud)",Analysts click into a document to see exactly where fraudulent alterations were made (highlighted regions on the page),Unknown,https://www.inscribe.ai/solution-explorer/online-document-verification,"Series B ($25M, Jan 2023); ~44 employees",,CTO; Head of Product; Frontend Lead,"Showing exactly where a bank statement was altered is an overlay on a PDF page. Our demo draws highlights and shapes on the page in the browser, so statements never leave it. Happy to show it on one of your sample documents.",4,medium,no,Open evidence_url in a normal browser and confirm the quoted feature before using the hook; it was read from search snippets only. Size/funding figures are estimates unless sourced.,regulated.csv
10,Document Crunch,https://www.documentcrunch.com,construction,construction,Construction contract and spec risk (AI),"Flags risk and highlights key terms (indemnity, payment, scope). Every flag cites the exact clause, and revisions can be compared side by side",Unknown,https://www.documentcrunch.com/construction-contract-review,"Series B (US$21.5M, Oct 2024, led by Titanium Ventures; Nemetschek participation per press, not verified); Atlanta",,VP Engineering; Head of Product; Staff Frontend Engineer,"Every flag cites the exact clause, so the highlight-and-comment viewer is where users decide whether to trust it. We're building that viewer layer at a public annual price with no per-document metering.",4,medium,no,Open evidence_url in a normal browser and confirm the quoted feature before using the hook; it was read from search snippets only. Size/funding figures are estimates unless sourced.,construction.csv
11,JobTread,https://www.jobtread.com,construction,construction,Residential construction management,"PDF Markup & Annotations (May 2024): free draw, shapes, arrows, text boxes, polylines, timestamps on plans, contracts and reports. Callout boxes added June 2025",Unknown,https://www.jobtread.com/product-updates/2024-05-22-pdf-markup-annotations,"~40 employees (Growjo estimate); funding not disclosed; Richardson, TX",,CTO; VP Product; Engineering Lead,"You shipped PDF markup in 2024 and are still adding tools. If a commercial SDK sits under it, compare your renewal with our $5k-$12k public price.",4,medium,no,Open evidence_url in a normal browser and confirm the quoted feature before using the hook; it was read from search snippets only. Size/funding figures are estimates unless sourced.,construction.csv
12,Page,https://pageai.co,legal,legal,Legal AI for VA disability law,"C-file review up to tens of thousands of pages, with viewing, annotations and form filling. Users jump from AI-extracted facts to the source page",Nutrient Web SDK (vendor case study),https://www.nutrient.io/blog/web-pdf-sdk-legal-review/,"Seed ($4M, Jul 2024); ~7 employees (PitchBook)",https://pitchbook.com/profiles/company/606446-29,CTO / Co-founder; Founding Engineer,"Nutrient's case study says your team went through several open-source viewers before buying an SDK. When renewal comes up, compare it with a public price and renewals capped at 5%. (Our demo has no form filling yet.)",3,high,no,"High only once the Nutrient page is opened: nutrient.io was blocked, so the SDK fact and the case-study details come from search snippets. Confirm the website domain and the funding figure too.",legal.csv
13,Capmo,https://www.capmo.com,construction,construction,Construction project management (DACH),"Mobile document signing, annotations and inspections with Apple Pencil support",Nutrient mobile SDK (vendor case study),https://www.nutrient.io/blog/capmo-native-mobile-pdf-sdk-nutrient/,~85 employees; ~US$37.5M raised (US$30M round); Munich,,CTO; VP Engineering; Head of Product,"You license Nutrient for mobile. If your web app needs the same annotations and signatures, we're building that, at a public price without adding seats or metering.",3,high,no,Open evidence_url in a normal browser and confirm the quoted feature before using the hook; it was read from search snippets only. Size/funding figures are estimates unless sourced.,construction.csv
14,Eve,https://www.eve.legal,legal,legal,Legal AI for plaintiff firms,Every chronology entry links to its source document and page. Verbatim quotes highlighted in green,Unknown,https://www.eve.legal/guides/ai-medical-chronology,"Series B ($103M, Sep 2025; $1B valuation)",https://www.lawnext.com/2025/09/eve-ai-driven-platform-for-plaintiff-side-law-firms-raises-103-million-in-series-b-round.html,VP Engineering; Head of Product; Staff Frontend Engineer,"Click-to-source verification is your trust feature. Margin is the viewer and highlight layer under it, with no per-document metering as case volume grows.",3,medium,no,The guide page is marketing content; confirm the highlight view sits inside the product.,legal.csv
15,Faria Education Group,https://www.faria.org,regulated,other,Education (K-12 / IB),ManageBac teachers mark tasks and annotate coursework,"Nutrient (logo on Nutrient education page, via search snippet)",https://www.nutrient.io/sdk/solutions/education/,"Private group (ManageBac, OpenApply and other school products); ownership and headcount not verified",,"VP Engineering; Product Director, ManageBac; Head of Platform","If ManageBac coursework annotation runs on Nutrient, we're building that feature set at a public price you could apply across your product line.",3,medium,no,Open evidence_url in a normal browser and confirm the quoted feature before using the hook; it was read from search snippets only. Size/funding figures are estimates unless sourced.,regulated.csv
16,Everchron,https://everchron.com,legal,legal,Litigation case management / chronology,"Viewer for 100+ file types. Annotation tool with highlights, color-coding and a comment thread on each annotation",Says its transcript viewer is proprietary; document viewer unknown,https://everchron.com/transcripts,Seed; ~20 employees (Tracxn),https://tracxn.com/d/companies/everchron/__BYAugfY54PJktSHDNrMcm-hi1Qe_3Wd-TV8BvhBswFA,CTO / Co-founder; Head of Product,Threaded comments on highlights is your workflow and the default in our demo. Worth a look if viewer upkeep takes time from a small team.,3,medium,no,"If the document viewer is also built in-house, lower the fit to 2.",legal.csv
17,Crowdmark,https://www.crowdmark.com,regulated,other,Education (higher ed grading),"Graders annotate scanned PDF/image pages with drawing, stamps, highlighter, comments and a comment library",Unknown,https://www.crowdmark.com/help/grading-tools/,~15-16 employees; under $1M raised,,CEO / Co-founder; CTO,"Pen, highlighter, shapes and threaded comments on scanned pages are in our demo today. Stamps and a reusable comment library are not, so we would want your view on those. Free Developer tier to test; Startup plan is a fixed $5k a year.",3,medium,no,Open evidence_url in a normal browser and confirm the quoted feature before using the hook; it was read from search snippets only. Size/funding figures are estimates unless sourced.,regulated.csv
18,Opus 2,https://www.opus2.com,legal,legal,Litigation and hearings platform (owns Bundledocs),"Shared e-bundles. Users highlight, annotate, link and tag documents, and annotate live transcripts",Unknown,https://www.opus2.com/hearings/,"PE-backed (Astorg, Five Arrows); ~330 employees",,VP Engineering; Director of Product; Head of Platform,"Hearings and Bundledocs both need a PDF viewer. We price per app, not per document.",3,medium,no,Investor names and headcount have no linked source; confirm before quoting.,legal.csv
19,Perusall,https://www.perusall.com,regulated,other,Education (social reading),Students highlight passages and post or reply to comment threads on uploaded PDF readings,Unknown (possibly in-house),https://www.csusm.edu/iits/services/ats/idesign/canvas/guides/perusall/index-1.html,"~16 employees; bootstrapped, no investors",,Co-founder / CTO; Lead Engineer,Highlight-anchored comment threads with replies are our demo's default. Worth a look if keeping your own PDF layer up to date costs engineering time.,3,medium,no,Open evidence_url in a normal browser and confirm the quoted feature before using the hook; it was read from search snippets only. Size/funding figures are estimates unless sourced.,regulated.csv
20,Buildxact,https://www.buildxact.com,construction,construction,Residential estimating and takeoff,"Digital takeoff from uploaded PDF plans (help docs cap plan files at 20 pages), plus estimates and job documents",Unknown,https://help.buildxact.com/en/articles/9266681-using-the-buildxact-takeoff-tool,~97-100 employees; ~US$33M raised (Series A 2022); Melbourne and Austin,,"CTO; Head of Product; Engineering Manager, Takeoff","Your takeoff runs on uploaded PDF plans. We would like to hear how plan size and rendering speed affect your users, and show a client-side viewer priced per app, not per page.",3,medium,no,Open evidence_url in a normal browser and confirm the quoted feature before using the hook; it was read from search snippets only. Size/funding figures are estimates unless sourced.,construction.csv
21,Steno,https://steno.com,legal,legal,Court reporting + litigation tech,"Exhibits uploaded, numbered and annotated during remote depositions. Transcript Genius ingests PDF transcripts with page-line citations",Unknown,https://steno.com/technology/transcript-genius,"Series C ($49M, Mar 2026; $116.5M total); ~470 employees",https://www.prnewswire.com/news-releases/steno-secures-49m-series-c-to-fuel-rapid-expansion-and-the-next-evolution-of-transcript-genius-302724939.html,"VP Engineering; Head of Product, Transcript Genius; Engineering Manager",Marking up exhibits during live depositions needs a fast client-side viewer. Ours keeps documents in the browser and has a public price.,3,medium,no,The evidence page covers Transcript Genius; exhibit annotation needs its own source.,legal.csv
22,FeedbackFruits,https://feedbackfruits.com,regulated,other,Education (peer review),Interactive Document: students annotate and discuss uploaded PDFs in context,Unknown,https://cetloe.gsu.edu/tool/feedbackfruits-interactive-document/,Not verified,,"VP Engineering; Product Lead, Interactive Document",Inline discussion on PDFs is your Interactive Document. We're building that viewer layer at a fixed price per app.,3,medium,no,Open evidence_url in a normal browser and confirm the quoted feature before using the hook; it was read from search snippets only. Size/funding figures are estimates unless sourced.,regulated.csv
23,Kahua,https://www.kahua.com,construction,construction,Capital program / construction PMIS,Shared Drawing Log with a 'modern markup toolset' and comments. Markups attach to RFIs and pin to drawings,Unknown,https://resources.kahua.com/news/kahua-announces-a-new-suite-of-design-management-and-document-control-functionality,"Mid-size, private; headcount not verified in this pass",,"VP Engineering; Director of Product, Document Management; Principal Engineer","You sell to federal and capital-program owners who care where documents go. Our viewer runs fully client-side, at a public annual price.",3,medium,no,Open evidence_url in a normal browser and confirm the quoted feature before using the hook; it was read from search snippets only. Size/funding figures are estimates unless sourced.,construction.csv
24,LinkSquares,https://linksquares.com,legal,legal,Contract lifecycle management / AI repository,Original PDF shown next to AI-extracted terms. A highlighter jumps to the clause location; notes and tags,Unknown,https://help.linksquares.com/hc/en-us/articles/360046647674-Analyze-Individual-Agreement-View,"Series C ($100M, 2021); ~260 employees",,"VP Engineering; Director of Product, Analyze; Frontend Engineering Manager",Your jump-to-clause highlighter is close to what our demo's search and highlight does. Worth 20 minutes to compare with what your viewer costs today.,3,medium,no,Series C date corrected from 2022 to 2021 (announced Oct 2021); headcount is an estimate.,legal.csv
25,Newforma,https://www.newforma.com,construction,construction,Project information management for AEC,"Newforma Web Viewer: external users mark up PDFs and images in the browser, stamp images, and export markups to PDF",Unknown,https://projectcenter.help.newforma.com/info-exchange/nix-newforma-web-viewer/nix_newforma_web_viewer_overview/,"~183-500 employees (aggregator range); PE-backed (owner reported as Ethos Capital, 2023, not verified); Manchester, NH",,VP Engineering; VP Product; Director of Cloud Platform,"Your web viewer lets outside parties mark up PDFs and export them. We cover that, plus Acrobat-compatible annotation import/export, at a flat per-app price.",3,medium,no,Open evidence_url in a normal browser and confirm the quoted feature before using the hook; it was read from search snippets only. Size/funding figures are estimates unless sourced.,construction.csv
26,Indico Data,https://indicodata.ai,regulated,insurance,Insurance (submission and claims intake),Click-back audit trail from each extracted field to its exact location on the original document; models trained by highlighting text,Unknown,https://indicodata.ai/insurance-underwriting/,Not verified,,VP Engineering; Director of Product; Frontend Engineering Manager,Click-back to the exact spot on the page is a viewer feature. Ours is client-side and has a public price.,3,medium,no,Open evidence_url in a normal browser and confirm the quoted feature before using the hook; it was read from search snippets only. Size/funding figures are estimates unless sourced.,regulated.csv
27,STACK Construction Technologies,https://www.stackct.com,construction,construction,Cloud takeoff and estimating,"Upload digital plans, measure and mark up in the browser, share documents and markups with field teams. Free plan allows up to 300 plan pages",Unknown,https://www.stackct.com/takeoff/,Size not verified in this pass,,CTO; VP Product; Director of Engineering,You give away a free tier with 300 plan pages. Any SDK priced by usage or users is a direct cost on free users. Ours is a flat annual price.,3,medium,no,Open evidence_url in a normal browser and confirm the quoted feature before using the hook; it was read from search snippets only. Size/funding figures are estimates unless sourced.,construction.csv
28,PlanRadar,https://www.planradar.com,construction,construction,Field documentation for construction and real estate,Tickets pinned on plans (Plan View). Plans export to PDF with ticket pins and captions,Unknown,https://help.planradar.com/hc/en-gb/articles/14021041591965-Download-Plan-with-Ticket-Pins,"~437 employees; Series B (US$69-70M, 2022, Insight Partners); Vienna",,"VP Engineering; Head of Product, Web; Engineering Manager, Plans","Pins on plans, exported to PDF, is your core loop. We're building that layer with Acrobat-compatible export at a public, per-app price.",3,medium,no,Open evidence_url in a normal browser and confirm the quoted feature before using the hook; it was read from search snippets only. Size/funding figures are estimates unless sourced.,construction.csv
29,Fieldwire (Hilti),https://www.fieldwire.com,construction,construction,Jobsite management,"In-app PDF viewing and editing (2020): mark up PDFs, search specs, highlight and cloud changes. Also sheet compare and private markups",Unknown,https://www.fieldwire.com/blog/pdf-editing-announcement/,Acquired by Hilti for ~US$300M (2021); ~135 employees at acquisition,,"VP Engineering; Director of Product, Plans; Engineering Manager, Web","Plans and markup are the core Fieldwire screen. If any of that web viewer is licensed, we would like to show a flat, public-price alternative, and hear what is missing.",3,medium,no,Open evidence_url in a normal browser and confirm the quoted feature before using the hook; it was read from search snippets only. Size/funding figures are estimates unless sourced.,construction.csv
30,SkySlope (Forms),https://skyslope.com,construction,construction,Real estate transaction management,"SkySlope Forms has in-browser markup tools: add text, highlight, strikeout, redaction. Plus form filling and PDF upload into templates",Unknown,https://support.skyslope.com/hc/en-us/articles/11729302872603-Filling-Forms,Size not verified in this pass,,"VP Engineering; Head of Product, Forms; Engineering Manager, Forms","Agents mark up contracts in Forms every day. We're building highlight, strikeout, text and signatures for one public price.",3,medium,no,Open evidence_url in a normal browser and confirm the quoted feature before using the hook; it was read from search snippets only. Size/funding figures are estimates unless sourced.,construction.csv
31,Current,Not confirmed (see Nutrient case study); not the consumer fintech at current.com,regulated,other,Fintech (tax / accounting),"Document viewing, editing, annotations, forms and collaboration embedded in an AI tax platform for accounting firms; case study says built with two engineers in six weeks","Nutrient Web SDK (vendor case study, read via search snippet)",https://www.nutrient.io/blog/current-ai-tax-platform/,Not verified,,CTO; Head of Engineering,"We read Nutrient's case study on how you built document review with a small team. When the renewal comes up, compare the annotation and review part with our public price and 5% renewal cap.",3,high (SDK); low (company identity),no,Identify the company and its real website first (not the consumer fintech at current.com). Open evidence_url in a normal browser and confirm the quoted feature before using the hook; it was read from search snippets only. Size/funding figures are estimates unless sourced.,regulated.csv
32,Trunk Tools,https://trunktools.com,construction,construction,AI for construction documents,"Drawing viewer with job context: click an element on a 2D drawing to see related RFIs, submittals and spec sections (product name ""TrunkBrowse"" per press coverage; markup or annotation not shown in the source)",Unknown,https://siliconangle.com/2025/07/24/trunk-tools-raises-40m-revolutionize-construction-teams-interact-project-data/,"Series B (US$40M, Jul 2025, Insight Partners; US$70M total)",,"VP Engineering; Head of Product; Engineering Manager, Frontend","Your users look at drawings with RFIs and specs attached. We're building the viewer and comment layer for that screen, with no per-document metering as the number of documents you ingest grows.",3,low,no,Open evidence_url in a normal browser and confirm the quoted feature before using the hook; it was read from search snippets only. Size/funding figures are estimates unless sourced.,construction.csv
33,Togal.AI,https://www.togal.ai,construction,construction,AI takeoff / preconstruction,"Upload PDF, image or CAD plan sets. View, measure, count, search and compare drawing versions with highlighted differences, all in the browser",Unknown,https://insights.velocityaipartners.co/tools/togal-ai,~US$22.65M raised; 11-50 employees (CB Insights / LinkedIn); Miami,,CTO; VP Engineering; Head of Product,Your estimators live in a browser PDF viewer. We'd like to compare our public pricing to what you pay for that layer today.,3,low,no,Open evidence_url in a normal browser and confirm the quoted feature before using the hook; it was read from search snippets only. Size/funding figures are estimates unless sourced.,construction.csv
34,Sixfold,https://www.sixfold.ai,regulated,insurance,Insurance (underwriting),Every fact cited to source; one click shows which submission documents a fact came from,Unknown,https://www.sixfold.ai/content/post/ai-features-commerical-specialty-underwriting,"Series B ($30M, Jan 2026); ~57-77 employees",,"VP Engineering; Head of Product; Engineering Manager, Underwriter Workbench","When an underwriter clicks a citation, the source page and highlight are the proof. We're building that piece with no per-submission fees.",3,low,no,Open evidence_url in a normal browser and confirm the quoted feature before using the hook; it was read from search snippets only. Size/funding figures are estimates unless sourced.,regulated.csv
35,Carta Healthcare,https://www.carta.healthcare,regulated,health,Health tech (clinical data abstraction),Lighthouse shows supporting excerpts and links to source EHR documents so abstractors read citations in context,Unknown,https://www.carta.healthcare/clinical-data-management/clinical-data-abstraction/,"Series B1 ($18.25M, May 2025); $80.5M total; 51-200 employees",,"VP Engineering; Head of Product, Lighthouse","Abstractors verify each answer against the chart. If those source documents are PDFs or scans, we can render and highlight them in the browser so PHI never touches a viewer server.",3,low,no,Open evidence_url in a normal browser and confirm the quoted feature before using the hook; it was read from search snippets only. Size/funding figures are estimates unless sourced.,regulated.csv
36,Archistar,https://www.archistar.ai,construction,construction,AI plan review / permitting,"Applicants and reviewers check PDF, CAD or BIM plans in 2D or 3D. Used by LA City/County, Austin, NYC",Unknown,https://www.archistar.ai/aiprecheck/,~US$40M raised since 2018; Sydney with US operations,,"CTO; Head of Product, Government; Engineering Lead","City reviewers need to see why a plan failed. We're building the annotate-and-comment layer for 2D plan PDFs at a public price, fully client-side.",3,low,no,Open evidence_url in a normal browser and confirm the quoted feature before using the hook; it was read from search snippets only. Size/funding figures are estimates unless sourced.,construction.csv
37,IntakeQ,https://intakeq.com,regulated,health,Health tech (practice intake),"Native PDF consent forms: upload a PDF and drag and drop signature, initials, text, date and checkbox fields",Unknown,https://support.intakeq.com/article/376-native-pdf-consent-forms,Not verified,,Founder / CEO; Head of Engineering,Mainly a forms buyer. Talk once fillable fields are on the roadmap.,2,high (product),no,Open evidence_url in a normal browser and confirm the quoted feature before using the hook; it was read from search snippets only. Size/funding figures are estimates unless sourced.,regulated.csv
38,CMiC,https://cmicglobal.com,construction,construction,Construction ERP,"Mobile app for managing PDF drawings with annotation, built with PSPDFKit, plus web project management","PSPDFKit / Nutrient (vendor case study, mobile)",https://pspdfkit.com/blog/2020/case-study-cmic/,"Large, established (40+ years); headcount not verified",,VP Product Development; Director of Mobile; Chief Technology Officer,You already license Nutrient for drawings on mobile. We'd like 20 minutes on how your web drawing viewer is priced and what you'd change.,2,high,no,Open evidence_url in a normal browser and confirm the quoted feature before using the hook; it was read from search snippets only. Size/funding figures are estimates unless sourced.,construction.csv
39,Trinoor,https://www.trinoor.com,construction,construction,Field service / asset work for energy and utilities,"Nutrient handles electronic documents, markups and annotations inside work packages completed in the field",PSPDFKit / Nutrient (vendor case study),https://www.nutrient.io/blog/case-study-trinoor/,Founded 2008; size not verified,,CTO; VP Product; Solutions Architect,Work packages need markups that hold up in an audit. We're building an annotation layer with Acrobat-compatible export at a public price.,2,high,no,Open evidence_url in a normal browser and confirm the quoted feature before using the hook; it was read from search snippets only. Size/funding figures are estimates unless sourced.,construction.csv
40,CaseFleet,https://www.casefleet.com,legal,legal,Litigation fact management / chronology,Document reviewer: highlight PDF text to create linked facts; multi-passage highlights; deposition reviewer,Unknown,https://support.casefleet.com/en/articles/2013199-document-reviewer-overview,Bootstrapped; ~5-8 employees; ~$0.65M est. revenue (aggregator),,Founder / CEO; Lead Engineer,"Highlight-to-fact is your core loop. Our pricing is public: the Startup plan is a fixed $5k a year, with no per-user math.",2,medium,no,Revenue and headcount are aggregator estimates; do not quote them.,legal.csv
41,Filevine,https://www.filevine.com,legal,legal,Legal case management,"Docs+ PDF editor: highlight, underline, strikethrough, comments, text, shapes, ink, signing, redaction","Unknown. The ribbon-style editor looks like a commercial SDK, but this is not verified",https://support.filevine.com/hc/en-us/articles/360042336791-PDF-Editor-Overview,~$3B valuation; $400M raised 2025; ~740-940 employees,,"Director of Engineering, Documents; Product Manager, Docs+","Interview target, not a near-term buyer: ask how Docs+ was built and what keeping the editor current costs.",2,medium,no,support.filevine.com was blocked; the feature list comes from search snippets.,legal.csv
42,Snapdocs,https://www.snapdocs.com,regulated,other,Fintech (mortgage eClosing),Loan packages tagged with eSignature and eNotary fields by drag-and-drop on the page or by AI,Unknown,https://www.snapdocs.com/resource-center/blog/the-most-efficient-way-to-prepare-loan-documents-for-eclosings,"Series D ($150M, 2021, $1.5B valuation); ~380 employees",,"Director of Engineering, Document Platform; Product Manager, eClosing",Interview target: what their document layer costs at volume. Signature-field tagging is not in our demo yet.,2,medium,no,Open evidence_url in a normal browser and confirm the quoted feature before using the hook; it was read from search snippets only. Size/funding figures are estimates unless sourced.,regulated.csv
43,Floify,https://floify.com,regulated,other,Fintech (mortgage point of sale),Lenders leave instructions on the document with an interactive note field; borrowers review and e-sign in the portal,Unknown,https://floify.com/blog/floify-e-sign,"Reported acquired by Porch Group in 2020 (reviewer recollection, not re-verified); confirm current owner before outreach",,VP Engineering; Head of Product,Notes pinned on the document and borrower e-sign map to our sticky notes and drawn signatures. Fillable form fields are not in our demo yet.,2,medium,no,Open evidence_url in a normal browser and confirm the quoted feature before using the hook; it was read from search snippets only. Size/funding figures are estimates unless sourced.,regulated.csv
44,WorkBright,https://workbright.com,regulated,other,"HR (onboarding, I-9)","New hires complete and e-sign I-9, tax and company forms on a phone; signature with timestamp and IP",Unknown,https://workbright.com/blog/onboarding-forms/,Not verified,,VP Engineering; Head of Product,"Mobile signing on real PDFs is in our demo today. If your form layer is licensed, compare the price.",2,medium,no,Open evidence_url in a normal browser and confirm the quoted feature before using the hook; it was read from search snippets only. Size/funding figures are estimates unless sourced.,regulated.csv
45,Ocrolus,https://www.ocrolus.com,regulated,other,Fintech (lending documents),Detect shows fraud signals as highlighted areas on top of the submitted document in the Dashboard,Unknown,https://docs.ocrolus.com/docs/detect,"Series C ($80M, 2021); $127M total; ~1,000 employees",,"Director of Engineering, Dashboard; Product Manager, Detect",Interview target: overlay requirements for fraud review.,2,medium,no,Open evidence_url in a normal browser and confirm the quoted feature before using the hook; it was read from search snippets only. Size/funding figures are estimates unless sourced.,regulated.csv
46,Texthelp (Everway),https://www.texthelp.com,regulated,other,Education (accessibility),"OrbitNote PDF reader: highlight, draw shapes, text and voice comments, read-aloud","Nutrient (logo on Nutrient education page, via search snippet)",https://www.nutrient.io/sdk/solutions/education/,Private; now part of the Everway brand; ownership and headcount not verified,,"Head of Engineering, OrbitNote; Product Director",Interview target. Read-aloud and accessibility features go beyond our demo.,2,medium,no,Open evidence_url in a normal browser and confirm the quoted feature before using the hook; it was read from search snippets only. Size/funding figures are estimates unless sourced.,regulated.csv
47,CaseScribe AI,https://casescribe.ai,legal,legal,Legal AI for VA disability law,Ingests C-file PDFs and classifies 350+ document types with fact summaries. No public evidence yet of an in-app source viewer,Unknown,https://casescribe.ai/,Early stage; built alongside a VA disability law firm; $85/case pricing,,Founder / CEO; Head of Engineering,A vendor case study describes a VA-disability AI team that went through several open-source PDF viewers before buying an SDK. We're building Margin so a startup can skip that step at a startup price.,2,low,no,"Fit lowered from 3 to 2: the homepage shows PDF ingestion, not in-app viewing or markup. Confirm the product has a source viewer before reaching out.",legal.csv
48,Superinsight,https://www.superinsight.ai,legal,legal,Legal AI medical chronology,Chronologies that point back to source pages in medical records (from the company's own blog; in-app viewer not confirmed),Unknown,https://www.superinsight.ai/blog/best-ai-tools-medical-chronology-guide.html,"Pre-seed (~$620K; Techstars, MuckerLab)",,Co-founder / CTO,Pointing back to the source page is your core promise. Our highlight and comment layer has a public price ($5k a year for one app) instead of a $20k+ quote.,2,low,no,"The evidence is a blog listicle, not product docs. Confirm the product has an in-app source viewer.",legal.csv
49,Clearbrief,https://clearbrief.com,legal,legal,Legal writing / evidence citation,Word add-in that produces hyperlinked PDFs where citations open the source in a split-screen view (third-party description),Unknown,https://sacra.com/c/clearbrief/,Seed (~$8.7M total); 11-50 employees,,CTO; Head of Product,Your split-screen source view needs a dependable PDF viewer. We're building that component with a public startup price.,2,low,no,The only evidence is a third-party profile (Sacra); find a Clearbrief product page or help article. Funding total is unverified.,legal.csv
50,Cohere Health,https://www.coherehealth.com,regulated,health,Health tech (utilization management),Review Assist surfaces evidence from clinical documentation with links to the source for nurse reviewers,Unknown,https://www.prnewswire.com/news-releases/cohere-healths-review-assist-accelerates-clinical-reviews-for-health-plans-with-precision-ai-302482034.html,Not verified (later stage),,"Engineering Manager, Clinical Review; Product Manager, Review Assist","Interview target: how nurse reviewers verify cited evidence, and what viewer they use.",2,low,no,Open evidence_url in a normal browser and confirm the quoted feature before using the hook; it was read from search snippets only. Size/funding figures are estimates unless sourced.,regulated.csv
51,INGENIOUS.BUILD,https://www.ingenious.build,construction,construction,Owner / developer project management,"Upload, organize and collaborate on drawings. RFIs tied to construction documents",Unknown,https://www.ingenious.build/press-media/ingenious-build-series-a-funding,"Series A (US$37M, Nov 2023; Navitas, Koch RE, JLL Spark per company press release); HQ not verified",,CTO; VP Product; Engineering Manager,Developers and owners' reps review drawings in your app. We'd like to compare our public viewer pricing with what you pay for that layer.,2,low,no,Open evidence_url in a normal browser and confirm the quoted feature before using the hook; it was read from search snippets only. Size/funding figures are estimates unless sourced.,construction.csv
52,Harvey,https://www.harvey.ai,legal,legal,Legal AI platform,Vault document review with real-time client-side highlighting,Nutrient Web SDK + Document Engine (vendor case study),https://www.nutrient.io/blog/scaling-legal-document-workflows-harvey/,Late stage; $8B+ valuation,,"Engineering Manager, Document Platform; Head of Product, Vault",Interview target: ask what made a commercial SDK worth it over open source.,1,high,no,nutrient.io was blocked; the SDK fact comes from search snippets of the case study. Open the page before citing it.,legal.csv
53,Everlaw,https://www.everlaw.com,legal,legal,E-discovery / litigation platform,"In-house PDF viewer with highlight, redact and annotate",Built in-house (Everlaw blog),https://www.everlaw.com/blog/everlaw/faster-pdf-review/,Late stage; several hundred employees,,"Engineering Manager, Review; Product Manager, Viewer",Not a buyer. Useful interview on what a legal PDF viewer must do.,1,high,no,Open evidence_url in a normal browser and confirm the quoted feature before using the hook; it was read from search snippets only. Size/funding figures are estimates unless sourced.,legal.csv
54,Ironclad,https://ironcladapp.com,legal,legal,Contract lifecycle management,"Edit, redline and version DOCX/PDF attachments; e-signature on uploaded PDFs",Unknown,https://support.ironcladapp.com/hc/en-us/articles/27120284820759-Ironclad-Signature-Upload-a-Contract-for-Signature,Late stage; 500+ employees,,"Engineering Manager, Signature; Product Manager, Editor",Interview only: ask about PDF signature tooling.,1,medium,no,Open evidence_url in a normal browser and confirm the quoted feature before using the hook; it was read from search snippets only. Size/funding figures are estimates unless sourced.,legal.csv
55,Logikcull (Reveal),https://www.logikcull.com,legal,legal,E-discovery for smaller legal teams,"Viewer with drawn and bulk redactions, PII detection, notes, comments, annotations",Unknown,https://docs.revealdata.com/logikcull/docs/the-document-viewer,Part of Reveal (500+ employees) since 2023,,"VP Engineering; Director of Product, Logikcull",Not a fit until true redaction ships; redaction is table stakes here.,1,medium,no,"Removed an unsourced ""$1B+ deal"" claim from the CSV.",legal.csv
56,Kami,https://www.kamiapp.com,regulated,other,Education (K-12),"Annotation is the whole product: write, draw, comment, voice and video comments on PDFs",Unknown (likely in-house),https://www.kamiapp.com/blog/pdf-annotating/,Not verified,,CTO; Head of Product,Not a buyer. Good interview on what teachers need from a classroom annotator.,1,medium,no,Open evidence_url in a normal browser and confirm the quoted feature before using the hook; it was read from search snippets only. Size/funding figures are estimates unless sourced.,regulated.csv
57,Tennr,https://www.tennr.com,regulated,health,Health tech (referrals),Reads faxed and PDF referrals and validates them against payer requirements; no public evidence of an in-app viewer or markup (source is a funding article),Unknown,https://www.fiercehealthcare.com/health-tech/tennr-clinches-101m-build-out-ai-automates-patient-referral-workflows,Raised $101M (per Fierce Healthcare headline),,"Head of Product; Engineering Manager, Intake","Interview target only: do staff review faxes in-app, and how.",1,low,no,Open evidence_url in a normal browser and confirm the quoted feature before using the hook; it was read from search snippets only. Size/funding figures are estimates unless sourced.,regulated.csv
