company,website,segment,pdf_use_case,likely_sdk,evidence_url,size_stage,target_roles,hook,fit_score,confidence
Drawboard,https://www.drawboard.com,AEC design review / drawing markup,"Real-time markup of drawing revisions in the browser: ink, shapes, stamps, comments, custom annotations, issues pinned to areas of each revision",Apryse (vendor case study names Drawboard; use in the browser-based Projects app not independently confirmed),https://apryse.com/blog/customers/drawboard-reinvents-global-aec-collaboration-using-pdftron,~37-38 employees (aggregator estimate); raised ~A$9M in 2020 led by Blackbird (round label not verified); Melbourne,"CTO; Head of Product; Engineering Lead, Projects","Drawboard Projects puts drawing review in the browser. We're building a web viewer with markup, comment threads and Acrobat-compatible export at a public annual price, and would like to compare notes on what that layer costs you.",4,high
e-PlanSoft,https://www.eplansoft.com,Electronic plan review (government / permitting),"Multiple reviewers mark up plans at the same time in the browser: draw, measure, comment, with markups shown live to other reviewers",Unknown,https://www.eplansoft.com/resources/a-comparative-look-at-e-plansoft-and-avolve-software,"11-50 employees; ~$8.8M revenue (ZoomInfo estimate); Irvine, CA",CTO; VP Product; Director of Engineering,"Browser plan markup is your whole product. We're building that viewer and annotation layer at a public price, with renewals capped at 5%.",4,medium
Part3,https://www.part3.io,Construction administration for architects,"ProjectFiles has markup tools for drawings, submittals, RFI packages and product cut sheets. The Submittal Assistant compares a submittal to the spec",Unknown,https://www.part3.io/blog/best-construction-document-management-software-for-architects,"Seed (US$2.8M, Graphite Ventures, 519 Growth Fund); Toronto; founded 2020",CTO / Co-founder; Head of Product; Senior Frontend Engineer,"Architects mark up submittals in Part3 every day. If that viewer is a quoted SDK, our Startup plan is $5k a year, public, with signatures and comments included.",4,medium
Document Crunch,https://www.documentcrunch.com,Construction contract and spec risk (AI),"Flags risk and highlights key terms (indemnity, payment, scope). Every flag cites the exact clause, and revisions can be compared side by side",Unknown,https://www.documentcrunch.com/construction-contract-review,"Series B (US$21.5M, Oct 2024, led by Titanium Ventures; Nemetschek participation per press, not verified); Atlanta",VP Engineering; Head of Product; Staff Frontend Engineer,"Every flag cites the exact clause, so the highlight-and-comment viewer is where users decide whether to trust it. We're building that viewer layer at a public annual price with no per-document metering.",4,medium
JobTread,https://www.jobtread.com,Residential construction management,"PDF Markup & Annotations (May 2024): free draw, shapes, arrows, text boxes, polylines, timestamps on plans, contracts and reports. Callout boxes added June 2025",Unknown,https://www.jobtread.com/product-updates/2024-05-22-pdf-markup-annotations,"~40 employees (Growjo estimate); funding not disclosed; Richardson, TX",CTO; VP Product; Engineering Lead,"You shipped PDF markup in 2024 and are still adding tools. If a commercial SDK sits under it, compare your renewal with our $5k-$12k public price.",4,medium
Trunk Tools,https://trunktools.com,AI for construction documents,"Drawing viewer with job context: click an element on a 2D drawing to see related RFIs, submittals and spec sections (product name ""TrunkBrowse"" per press coverage; markup or annotation not shown in the source)",Unknown,https://siliconangle.com/2025/07/24/trunk-tools-raises-40m-revolutionize-construction-teams-interact-project-data/,"Series B (US$40M, Jul 2025, Insight Partners; US$70M total)","VP Engineering; Head of Product; Engineering Manager, Frontend","Your users look at drawings with RFIs and specs attached. We're building the viewer and comment layer for that screen, with no per-document metering as the number of documents you ingest grows.",3,low
Togal.AI,https://www.togal.ai,AI takeoff / preconstruction,"Upload PDF, image or CAD plan sets. View, measure, count, search and compare drawing versions with highlighted differences, all in the browser",Unknown,https://insights.velocityaipartners.co/tools/togal-ai,~US$22.65M raised; 11-50 employees (CB Insights / LinkedIn); Miami,CTO; VP Engineering; Head of Product,Your estimators live in a browser PDF viewer. We'd like to compare our public pricing to what you pay for that layer today.,3,low
Buildxact,https://www.buildxact.com,Residential estimating and takeoff,"Digital takeoff from uploaded PDF plans (help docs cap plan files at 20 pages), plus estimates and job documents",Unknown,https://help.buildxact.com/en/articles/9266681-using-the-buildxact-takeoff-tool,~97-100 employees; ~US$33M raised (Series A 2022); Melbourne and Austin,"CTO; Head of Product; Engineering Manager, Takeoff","Your takeoff runs on uploaded PDF plans. We would like to hear how plan size and rendering speed affect your users, and show a client-side viewer priced per app, not per page.",3,medium
Kahua,https://www.kahua.com,Capital program / construction PMIS,Shared Drawing Log with a 'modern markup toolset' and comments. Markups attach to RFIs and pin to drawings,Unknown,https://resources.kahua.com/news/kahua-announces-a-new-suite-of-design-management-and-document-control-functionality,"Mid-size, private; headcount not verified in this pass","VP Engineering; Director of Product, Document Management; Principal Engineer","You sell to federal and capital-program owners who care where documents go. Our viewer runs fully client-side, at a public annual price.",3,medium
Newforma,https://www.newforma.com,Project information management for AEC,"Newforma Web Viewer: external users mark up PDFs and images in the browser, stamp images, and export markups to PDF",Unknown,https://projectcenter.help.newforma.com/info-exchange/nix-newforma-web-viewer/nix_newforma_web_viewer_overview/,"~183-500 employees (aggregator range); PE-backed (owner reported as Ethos Capital, 2023, not verified); Manchester, NH",VP Engineering; VP Product; Director of Cloud Platform,"Your web viewer lets outside parties mark up PDFs and export them. We cover that, plus Acrobat-compatible annotation import/export, at a flat per-app price.",3,medium
STACK Construction Technologies,https://www.stackct.com,Cloud takeoff and estimating,"Upload digital plans, measure and mark up in the browser, share documents and markups with field teams. Free plan allows up to 300 plan pages",Unknown,https://www.stackct.com/takeoff/,Size not verified in this pass,CTO; VP Product; Director of Engineering,You give away a free tier with 300 plan pages. Any SDK priced by usage or users is a direct cost on free users. Ours is a flat annual price.,3,medium
PlanRadar,https://www.planradar.com,Field documentation for construction and real estate,Tickets pinned on plans (Plan View). Plans export to PDF with ticket pins and captions,Unknown,https://help.planradar.com/hc/en-gb/articles/14021041591965-Download-Plan-with-Ticket-Pins,"~437 employees; Series B (US$69-70M, 2022, Insight Partners); Vienna","VP Engineering; Head of Product, Web; Engineering Manager, Plans","Pins on plans, exported to PDF, is your core loop. We're building that layer with Acrobat-compatible export at a public, per-app price.",3,medium
Capmo,https://www.capmo.com,Construction project management (DACH),"Mobile document signing, annotations and inspections with Apple Pencil support",Nutrient mobile SDK (vendor case study),https://www.nutrient.io/blog/capmo-native-mobile-pdf-sdk-nutrient/,~85 employees; ~US$37.5M raised (US$30M round); Munich,CTO; VP Engineering; Head of Product,"You license Nutrient for mobile. If your web app needs the same annotations and signatures, we're building that, at a public price without adding seats or metering.",3,high
Fieldwire (Hilti),https://www.fieldwire.com,Jobsite management,"In-app PDF viewing and editing (2020): mark up PDFs, search specs, highlight and cloud changes. Also sheet compare and private markups",Unknown,https://www.fieldwire.com/blog/pdf-editing-announcement/,Acquired by Hilti for ~US$300M (2021); ~135 employees at acquisition,"VP Engineering; Director of Product, Plans; Engineering Manager, Web","Plans and markup are the core Fieldwire screen. If any of that web viewer is licensed, we would like to show a flat, public-price alternative, and hear what is missing.",3,medium
SkySlope (Forms),https://skyslope.com,Real estate transaction management,"SkySlope Forms has in-browser markup tools: add text, highlight, strikeout, redaction. Plus form filling and PDF upload into templates",Unknown,https://support.skyslope.com/hc/en-us/articles/11729302872603-Filling-Forms,Size not verified in this pass,"VP Engineering; Head of Product, Forms; Engineering Manager, Forms","Agents mark up contracts in Forms every day. We're building highlight, strikeout, text and signatures for one public price.",3,medium
Archistar,https://www.archistar.ai,AI plan review / permitting,"Applicants and reviewers check PDF, CAD or BIM plans in 2D or 3D. Used by LA City/County, Austin, NYC",Unknown,https://www.archistar.ai/aiprecheck/,~US$40M raised since 2018; Sydney with US operations,"CTO; Head of Product, Government; Engineering Lead","City reviewers need to see why a plan failed. We're building the annotate-and-comment layer for 2D plan PDFs at a public price, fully client-side.",3,low
INGENIOUS.BUILD,https://www.ingenious.build,Owner / developer project management,"Upload, organize and collaborate on drawings. RFIs tied to construction documents",Unknown,https://www.ingenious.build/press-media/ingenious-build-series-a-funding,"Series A (US$37M, Nov 2023; Navitas, Koch RE, JLL Spark per company press release); HQ not verified",CTO; VP Product; Engineering Manager,Developers and owners' reps review drawings in your app. We'd like to compare our public viewer pricing with what you pay for that layer.,2,low
CMiC,https://cmicglobal.com,Construction ERP,"Mobile app for managing PDF drawings with annotation, built with PSPDFKit, plus web project management","PSPDFKit / Nutrient (vendor case study, mobile)",https://pspdfkit.com/blog/2020/case-study-cmic/,"Large, established (40+ years); headcount not verified",VP Product Development; Director of Mobile; Chief Technology Officer,You already license Nutrient for drawings on mobile. We'd like 20 minutes on how your web drawing viewer is priced and what you'd change.,2,high
Trinoor,https://www.trinoor.com,Field service / asset work for energy and utilities,"Nutrient handles electronic documents, markups and annotations inside work packages completed in the field",PSPDFKit / Nutrient (vendor case study),https://www.nutrient.io/blog/case-study-trinoor/,Founded 2008; size not verified,CTO; VP Product; Solutions Architect,Work packages need markups that hold up in an audit. We're building an annotation layer with Acrobat-compatible export at a public price.,2,high
