company,website,segment,pdf_use_case,likely_sdk,evidence_url,size_stage,size_source_url,target_roles,hook,fit_score,confidence,verify_before_use
Juro,https://juro.com,Contract management / CLM,"Uploaded PDF contracts are viewed and commented on in-app. Help docs: ""It is not possible to assign a comment to a specific part of a document uploaded from a PDF file.""",Unknown,https://intercom.help/juro/en/articles/4280267-working-with-an-uploaded-pdf-contract,"Series B ($23M, Eight Roads, 2022); ~120 employees (aggregator estimate)",https://juro.com/blog/series-b-eight-roads-23-million,"VP Engineering; Head of Product; Product Manager, Editor/Collaboration",Your help center says comments can't be tied to a specific spot in an uploaded PDF. In our demo you can drop a note anywhere on a page and run a comment thread on it. Pricing is public: $5k-$12k a year.,5,medium,Re-open the help article and confirm the quote is still current before using the hook; the fact-check could not load intercom.help.
Supio,https://www.supio.com,Legal AI for personal injury / mass tort,"Citations that ""highlight the exact page text, not just the page reference"" across large medical records",Unknown,https://www.supio.com/blog/whats-new-in-supio-december-2025,"Series B ($60M, Apr 2025; ~$91M total); ~100 staff, plans to double",https://www.supio.com/press/supio-announces-60m-series-b-to-accelerate-adoption-of-legal-ai-in-plaintiff-law,"VP Engineering; Head of Product; Engineering Manager, Frontend","In December you shipped citations that highlight the exact text on the source page. If that runs on a commercial viewer, compare your renewal with our public price.",4,medium,Confirm the December 2025 release note wording. Headcount is from the funding release; check it is still current.
TrialView,https://www.trialview.com,Litigation / court bundling and trial presentation,"Builds hyperlinked PDF bundles. Teams ""upload, tag, mark up, and annotate"" documents with linked comments and highlights",Unknown,https://www.trialview.com/resources/witness-preparation-tools-with-trialview,"~$3M ARR, profitable (company-reported); $4.1M growth round, Nov 2025; expanding to the US",https://www.trialview.com/resources/trialview-secures-4-1m-funding-to-drive-dispute-resolution-innovation-and-business-expansion,CTO; Head of Product; Engineering Lead,"If your bundle viewer runs on a commercial PDF SDK, US growth usually means a bigger renewal. Our price is public and per app, and annotations, comments and signatures are in the base plan.",4,medium,ARR and profitability are the company's own claims from its funding post; do not repeat them to the prospect.
Page,https://pageai.co,Legal AI for VA disability law,"C-file review up to tens of thousands of pages, with viewing, annotations and form filling. Users jump from AI-extracted facts to the source page",Nutrient Web SDK (vendor case study),https://www.nutrient.io/blog/web-pdf-sdk-legal-review/,"Seed ($4M, Jul 2024); ~7 employees (PitchBook)",https://pitchbook.com/profiles/company/606446-29,CTO / Co-founder; Founding Engineer,"Nutrient's case study says your team went through several open-source viewers before buying an SDK. When renewal comes up, compare it with a public price and renewals capped at 5%. (Our demo has no form filling yet.)",3,high,"High only once the Nutrient page is opened: nutrient.io was blocked, so the SDK fact and the case-study details come from search snippets. Confirm the website domain and the funding figure too."
Eve,https://www.eve.legal,Legal AI for plaintiff firms,Every chronology entry links to its source document and page. Verbatim quotes highlighted in green,Unknown,https://www.eve.legal/guides/ai-medical-chronology,"Series B ($103M, Sep 2025; $1B valuation)",https://www.lawnext.com/2025/09/eve-ai-driven-platform-for-plaintiff-side-law-firms-raises-103-million-in-series-b-round.html,VP Engineering; Head of Product; Staff Frontend Engineer,"Click-to-source verification is your trust feature. Margin is the viewer and highlight layer under it, with no per-document metering as case volume grows.",3,medium,The guide page is marketing content; confirm the highlight view sits inside the product.
Everchron,https://everchron.com,Litigation case management / chronology,"Viewer for 100+ file types. Annotation tool with highlights, color-coding and a comment thread on each annotation",Says its transcript viewer is proprietary; document viewer unknown,https://everchron.com/transcripts,Seed; ~20 employees (Tracxn),https://tracxn.com/d/companies/everchron/__BYAugfY54PJktSHDNrMcm-hi1Qe_3Wd-TV8BvhBswFA,CTO / Co-founder; Head of Product,Threaded comments on highlights is your workflow and the default in our demo. Worth a look if viewer upkeep takes time from a small team.,3,medium,"If the document viewer is also built in-house, lower the fit to 2."
Opus 2,https://www.opus2.com,Litigation and hearings platform (owns Bundledocs),"Shared e-bundles. Users highlight, annotate, link and tag documents, and annotate live transcripts",Unknown,https://www.opus2.com/hearings/,"PE-backed (Astorg, Five Arrows); ~330 employees",,VP Engineering; Director of Product; Head of Platform,"Hearings and Bundledocs both need a PDF viewer. We price per app, not per document.",3,medium,Investor names and headcount have no linked source; confirm before quoting.
Steno,https://steno.com,Court reporting + litigation tech,"Exhibits uploaded, numbered and annotated during remote depositions. Transcript Genius ingests PDF transcripts with page-line citations",Unknown,https://steno.com/technology/transcript-genius,"Series C ($49M, Mar 2026; $116.5M total); ~470 employees",https://www.prnewswire.com/news-releases/steno-secures-49m-series-c-to-fuel-rapid-expansion-and-the-next-evolution-of-transcript-genius-302724939.html,"VP Engineering; Head of Product, Transcript Genius; Engineering Manager",Marking up exhibits during live depositions needs a fast client-side viewer. Ours keeps documents in the browser and has a public price.,3,medium,The evidence page covers Transcript Genius; exhibit annotation needs its own source.
LinkSquares,https://linksquares.com,Contract lifecycle management / AI repository,Original PDF shown next to AI-extracted terms. A highlighter jumps to the clause location; notes and tags,Unknown,https://help.linksquares.com/hc/en-us/articles/360046647674-Analyze-Individual-Agreement-View,"Series C ($100M, 2021); ~260 employees",,"VP Engineering; Director of Product, Analyze; Frontend Engineering Manager",Your jump-to-clause highlighter is close to what our demo's search and highlight does. Worth 20 minutes to compare with what your viewer costs today.,3,medium,Series C date corrected from 2022 to 2021 (announced Oct 2021); headcount is an estimate.
CaseFleet,https://www.casefleet.com,Litigation fact management / chronology,Document reviewer: highlight PDF text to create linked facts; multi-passage highlights; deposition reviewer,Unknown,https://support.casefleet.com/en/articles/2013199-document-reviewer-overview,Bootstrapped; ~5-8 employees; ~$0.65M est. revenue (aggregator),,Founder / CEO; Lead Engineer,"Highlight-to-fact is your core loop. Our pricing is public: the Startup plan is a fixed $5k a year, with no per-user math.",2,medium,Revenue and headcount are aggregator estimates; do not quote them.
Filevine,https://www.filevine.com,Legal case management,"Docs+ PDF editor: highlight, underline, strikethrough, comments, text, shapes, ink, signing, redaction","Unknown. The ribbon-style editor looks like a commercial SDK, but this is not verified",https://support.filevine.com/hc/en-us/articles/360042336791-PDF-Editor-Overview,~$3B valuation; $400M raised 2025; ~740-940 employees,,"Director of Engineering, Documents; Product Manager, Docs+","Interview target, not a near-term buyer: ask how Docs+ was built and what keeping the editor current costs.",2,medium,support.filevine.com was blocked; the feature list comes from search snippets.
CaseScribe AI,https://casescribe.ai,Legal AI for VA disability law,Ingests C-file PDFs and classifies 350+ document types with fact summaries. No public evidence yet of an in-app source viewer,Unknown,https://casescribe.ai/,Early stage; built alongside a VA disability law firm; $85/case pricing,,Founder / CEO; Head of Engineering,A vendor case study describes a VA-disability AI team that went through several open-source PDF viewers before buying an SDK. We're building Margin so a startup can skip that step at a startup price.,2,low,"Fit lowered from 3 to 2: the homepage shows PDF ingestion, not in-app viewing or markup. Confirm the product has a source viewer before reaching out."
Superinsight,https://www.superinsight.ai,Legal AI medical chronology,Chronologies that point back to source pages in medical records (from the company's own blog; in-app viewer not confirmed),Unknown,https://www.superinsight.ai/blog/best-ai-tools-medical-chronology-guide.html,"Pre-seed (~$620K; Techstars, MuckerLab)",,Co-founder / CTO,Pointing back to the source page is your core promise. Our highlight and comment layer has a public price ($5k a year for one app) instead of a $20k+ quote.,2,low,"The evidence is a blog listicle, not product docs. Confirm the product has an in-app source viewer."
Clearbrief,https://clearbrief.com,Legal writing / evidence citation,Word add-in that produces hyperlinked PDFs where citations open the source in a split-screen view (third-party description),Unknown,https://sacra.com/c/clearbrief/,Seed (~$8.7M total); 11-50 employees,,CTO; Head of Product,Your split-screen source view needs a dependable PDF viewer. We're building that component with a public startup price.,2,low,The only evidence is a third-party profile (Sacra); find a Clearbrief product page or help article. Funding total is unverified.
Harvey,https://www.harvey.ai,Legal AI platform,Vault document review with real-time client-side highlighting,Nutrient Web SDK + Document Engine (vendor case study),https://www.nutrient.io/blog/scaling-legal-document-workflows-harvey/,Late stage; $8B+ valuation,,"Engineering Manager, Document Platform; Head of Product, Vault",Interview target: ask what made a commercial SDK worth it over open source.,1,high,nutrient.io was blocked; the SDK fact comes from search snippets of the case study. Open the page before citing it.
Everlaw,https://www.everlaw.com,E-discovery / litigation platform,"In-house PDF viewer with highlight, redact and annotate",Built in-house (Everlaw blog),https://www.everlaw.com/blog/everlaw/faster-pdf-review/,Late stage; several hundred employees,,"Engineering Manager, Review; Product Manager, Viewer",Not a buyer. Useful interview on what a legal PDF viewer must do.,1,high,
Ironclad,https://ironcladapp.com,Contract lifecycle management,"Edit, redline and version DOCX/PDF attachments; e-signature on uploaded PDFs",Unknown,https://support.ironcladapp.com/hc/en-us/articles/27120284820759-Ironclad-Signature-Upload-a-Contract-for-Signature,Late stage; 500+ employees,,"Engineering Manager, Signature; Product Manager, Editor",Interview only: ask about PDF signature tooling.,1,medium,
Logikcull (Reveal),https://www.logikcull.com,E-discovery for smaller legal teams,"Viewer with drawn and bulk redactions, PII detection, notes, comments, annotations",Unknown,https://docs.revealdata.com/logikcull/docs/the-document-viewer,Part of Reveal (500+ employees) since 2023,,"VP Engineering; Director of Product, Logikcull",Not a fit until true redaction ships; redaction is table stakes here.,1,medium,"Removed an unsourced ""$1B+ deal"" claim from the CSV."
