company,website,segment,pdf_use_case,likely_sdk,evidence_url,size_stage,target_roles,hook,fit_score,confidence
Wisedocs,https://www.wisedocs.ai,"Insurance (claims, IME medical record review)","In-platform PDF viewer pulls text and snapshots from source pages; users annotate, tag and comment on documents",Unknown,https://insurance-canada.ca/2024/02/02/wisedocs-summarizing-medical-records/,"Series A ($12.7M CAD, Jan 2024) plus $4.5M debt; ~130 employees","VP Engineering; Head of Product; Engineering Manager, Frontend/Reviewer","Your reviewers annotate, tag and comment on thousand-page records. If a commercial viewer sits under that, compare its renewal with our public $5k-$12k price and no per-page metering.",5,medium
DigitalOwl,https://www.digitalowl.com,"Insurance (life underwriting, P&C claims)",Click-to-evidence from each insight to the source page of medical records; Case Notes with notes and hyperlinked references,Unknown,https://www.digitalowl.com/press-releases/digitalowl-moves-beyond-summaries-using-ai-agents,Not verified; customers include Nationwide,"VP Engineering; VP Product; Product Lead, View/Case Notes","Click-to-evidence is your trust feature. We're building the viewer and highlight layer under it, priced per app, not per record or per underwriter.",4,medium
Inscribe,https://www.inscribe.ai,"Fintech (lending, KYB fraud)",Analysts click into a document to see exactly where fraudulent alterations were made (highlighted regions on the page),Unknown,https://www.inscribe.ai/solution-explorer/online-document-verification,"Series B ($25M, Jan 2023); ~44 employees",CTO; Head of Product; Frontend Lead,"Showing exactly where a bank statement was altered is an overlay on a PDF page. Our demo draws highlights and shapes on the page in the browser, so statements never leave it. Happy to show it on one of your sample documents.",4,medium
Current,Not confirmed (see Nutrient case study); not the consumer fintech at current.com,Fintech (tax / accounting),"Document viewing, editing, annotations, forms and collaboration embedded in an AI tax platform for accounting firms; case study says built with two engineers in six weeks","Nutrient Web SDK (vendor case study, read via search snippet)",https://www.nutrient.io/blog/current-ai-tax-platform/,Not verified,CTO; Head of Engineering,"We read Nutrient's case study on how you built document review with a small team. When the renewal comes up, compare the annotation and review part with our public price and 5% renewal cap.",3,high (SDK); low (company identity)
Faria Education Group,https://www.faria.org,Education (K-12 / IB),ManageBac teachers mark tasks and annotate coursework,"Nutrient (logo on Nutrient education page, via search snippet)",https://www.nutrient.io/sdk/solutions/education/,"Private group (ManageBac, OpenApply and other school products); ownership and headcount not verified","VP Engineering; Product Director, ManageBac; Head of Platform","If ManageBac coursework annotation runs on Nutrient, we're building that feature set at a public price you could apply across your product line.",3,medium
Crowdmark,https://www.crowdmark.com,Education (higher ed grading),"Graders annotate scanned PDF/image pages with drawing, stamps, highlighter, comments and a comment library",Unknown,https://www.crowdmark.com/help/grading-tools/,~15-16 employees; under $1M raised,CEO / Co-founder; CTO,"Pen, highlighter, shapes and threaded comments on scanned pages are in our demo today. Stamps and a reusable comment library are not, so we would want your view on those. Free Developer tier to test; Startup plan is a fixed $5k a year.",3,medium
Perusall,https://www.perusall.com,Education (social reading),Students highlight passages and post or reply to comment threads on uploaded PDF readings,Unknown (possibly in-house),https://www.csusm.edu/iits/services/ats/idesign/canvas/guides/perusall/index-1.html,"~16 employees; bootstrapped, no investors",Co-founder / CTO; Lead Engineer,Highlight-anchored comment threads with replies are our demo's default. Worth a look if keeping your own PDF layer up to date costs engineering time.,3,medium
FeedbackFruits,https://feedbackfruits.com,Education (peer review),Interactive Document: students annotate and discuss uploaded PDFs in context,Unknown,https://cetloe.gsu.edu/tool/feedbackfruits-interactive-document/,Not verified,"VP Engineering; Product Lead, Interactive Document",Inline discussion on PDFs is your Interactive Document. We're building that viewer layer at a fixed price per app.,3,medium
Sixfold,https://www.sixfold.ai,Insurance (underwriting),Every fact cited to source; one click shows which submission documents a fact came from,Unknown,https://www.sixfold.ai/content/post/ai-features-commerical-specialty-underwriting,"Series B ($30M, Jan 2026); ~57-77 employees","VP Engineering; Head of Product; Engineering Manager, Underwriter Workbench","When an underwriter clicks a citation, the source page and highlight are the proof. We're building that piece with no per-submission fees.",3,low
Indico Data,https://indicodata.ai,Insurance (submission and claims intake),Click-back audit trail from each extracted field to its exact location on the original document; models trained by highlighting text,Unknown,https://indicodata.ai/insurance-underwriting/,Not verified,VP Engineering; Director of Product; Frontend Engineering Manager,Click-back to the exact spot on the page is a viewer feature. Ours is client-side and has a public price.,3,medium
Carta Healthcare,https://www.carta.healthcare,Health tech (clinical data abstraction),Lighthouse shows supporting excerpts and links to source EHR documents so abstractors read citations in context,Unknown,https://www.carta.healthcare/clinical-data-management/clinical-data-abstraction/,"Series B1 ($18.25M, May 2025); $80.5M total; 51-200 employees","VP Engineering; Head of Product, Lighthouse","Abstractors verify each answer against the chart. If those source documents are PDFs or scans, we can render and highlight them in the browser so PHI never touches a viewer server.",3,low
Snapdocs,https://www.snapdocs.com,Fintech (mortgage eClosing),Loan packages tagged with eSignature and eNotary fields by drag-and-drop on the page or by AI,Unknown,https://www.snapdocs.com/resource-center/blog/the-most-efficient-way-to-prepare-loan-documents-for-eclosings,"Series D ($150M, 2021, $1.5B valuation); ~380 employees","Director of Engineering, Document Platform; Product Manager, eClosing",Interview target: what their document layer costs at volume. Signature-field tagging is not in our demo yet.,2,medium
Floify,https://floify.com,Fintech (mortgage point of sale),Lenders leave instructions on the document with an interactive note field; borrowers review and e-sign in the portal,Unknown,https://floify.com/blog/floify-e-sign,"Reported acquired by Porch Group in 2020 (reviewer recollection, not re-verified); confirm current owner before outreach",VP Engineering; Head of Product,Notes pinned on the document and borrower e-sign map to our sticky notes and drawn signatures. Fillable form fields are not in our demo yet.,2,medium
IntakeQ,https://intakeq.com,Health tech (practice intake),"Native PDF consent forms: upload a PDF and drag and drop signature, initials, text, date and checkbox fields",Unknown,https://support.intakeq.com/article/376-native-pdf-consent-forms,Not verified,Founder / CEO; Head of Engineering,Mainly a forms buyer. Talk once fillable fields are on the roadmap.,2,high (product)
WorkBright,https://workbright.com,"HR (onboarding, I-9)","New hires complete and e-sign I-9, tax and company forms on a phone; signature with timestamp and IP",Unknown,https://workbright.com/blog/onboarding-forms/,Not verified,VP Engineering; Head of Product,"Mobile signing on real PDFs is in our demo today. If your form layer is licensed, compare the price.",2,medium
Cohere Health,https://www.coherehealth.com,Health tech (utilization management),Review Assist surfaces evidence from clinical documentation with links to the source for nurse reviewers,Unknown,https://www.prnewswire.com/news-releases/cohere-healths-review-assist-accelerates-clinical-reviews-for-health-plans-with-precision-ai-302482034.html,Not verified (later stage),"Engineering Manager, Clinical Review; Product Manager, Review Assist","Interview target: how nurse reviewers verify cited evidence, and what viewer they use.",2,low
Ocrolus,https://www.ocrolus.com,Fintech (lending documents),Detect shows fraud signals as highlighted areas on top of the submitted document in the Dashboard,Unknown,https://docs.ocrolus.com/docs/detect,"Series C ($80M, 2021); $127M total; ~1,000 employees","Director of Engineering, Dashboard; Product Manager, Detect",Interview target: overlay requirements for fraud review.,2,medium
Texthelp (Everway),https://www.texthelp.com,Education (accessibility),"OrbitNote PDF reader: highlight, draw shapes, text and voice comments, read-aloud","Nutrient (logo on Nutrient education page, via search snippet)",https://www.nutrient.io/sdk/solutions/education/,Private; now part of the Everway brand; ownership and headcount not verified,"Head of Engineering, OrbitNote; Product Director",Interview target. Read-aloud and accessibility features go beyond our demo.,2,medium
Tennr,https://www.tennr.com,Health tech (referrals),Reads faxed and PDF referrals and validates them against payer requirements; no public evidence of an in-app viewer or markup (source is a funding article),Unknown,https://www.fiercehealthcare.com/health-tech/tennr-clinches-101m-build-out-ai-automates-patient-referral-workflows,Raised $101M (per Fierce Healthcare headline),"Head of Product; Engineering Manager, Intake","Interview target only: do staff review faxes in-app, and how.",1,low
Kami,https://www.kamiapp.com,Education (K-12),"Annotation is the whole product: write, draw, comment, voice and video comments on PDFs",Unknown (likely in-house),https://www.kamiapp.com/blog/pdf-annotating/,Not verified,CTO; Head of Product,Not a buyer. Good interview on what teachers need from a classroom annotator.,1,medium
